ref,part,value,mpn,jlcpcb_part,stock
U1,ESP32C3,ESP32-C3-WROOM-02,ESP32-C3-WROOM-02-N4,C2934538,JLCPCB
U2,INA226,INA226,INA226AIDGSR,C10462,JLCPCB
U3,LDO33,ME6211C33M5G,ME6211C33M5G,C82942,JLCPCB
R1,R,10k EN,0603WAF1002T5E,C25804,JLCPCB
R2,R,0.1R shunt,1206W2F1002T5E? R100,C325841,JLCPCB
R3,R,10k SDA pull,0603WAF1002T5E,C25804,JLCPCB
R4,R,10k SCL pull,0603WAF1002T5E,C25804,JLCPCB
C1,C,10uF,0603B104K500NT,C19702,JLCPCB
C2,C,100nF,0603B104K500NT,C14663,JLCPCB
C3,C,100nF,0603B104K500NT,C14663,JLCPCB
D1,LED,PWR,0603,C2286,JLCPCB
R5,R,1k LED,0603WAF1001T5E,C21190,JLCPCB
J1,SWD,PROG 5p,PINHEADER-5,C2337,JLCPCB
J2,CONN2,LOAD+ (shunt to machine),PINHEADER-2,C2337,JLCPCB
J3,CONN2,RELAY cutoff,PINHEADER-2,C2337,JLCPCB
J4,CONN2,5V in,PINHEADER-2,C2337,JLCPCB
