period,date,value,snapshot_sha256
2015-01,2015-01-31,20.473633,3ac5c86f57c4ae1008123a20fd9a7cdb311a46d98378fd8fd3b2461344a4f71d
2015-02,2015-02-28,20.473633,3ac5c86f57c4ae1008123a20fd9a7cdb311a46d98378fd8fd3b2461344a4f71d
2015-03,2015-03-31,20.473633,3ac5c86f57c4ae1008123a20fd9a7cdb311a46d98378fd8fd3b2461344a4f71d
2015-04,2015-04-30,20.473633,3ac5c86f57c4ae1008123a20fd9a7cdb311a46d98378fd8fd3b2461344a4f71d
2015-05,2015-05-31,20.473633,3ac5c86f57c4ae1008123a20fd9a7cdb311a46d98378fd8fd3b2461344a4f71d
2015-06,2015-06-30,20.473633,3ac5c86f57c4ae1008123a20fd9a7cdb311a46d98378fd8fd3b2461344a4f71d
2015-07,2015-07-31,20.473633,3ac5c86f57c4ae1008123a20fd9a7cdb311a46d98378fd8fd3b2461344a4f71d
2015-08,2015-08-31,20.473633,3ac5c86f57c4ae1008123a20fd9a7cdb311a46d98378fd8fd3b2461344a4f71d
2015-09,2015-09-30,20.473633,3ac5c86f57c4ae1008123a20fd9a7cdb311a46d98378fd8fd3b2461344a4f71d
2015-10,2015-10-31,20.579784,3ac5c86f57c4ae1008123a20fd9a7cdb311a46d98378fd8fd3b2461344a4f71d
2015-11,2015-11-30,20.579784,3ac5c86f57c4ae1008123a20fd9a7cdb311a46d98378fd8fd3b2461344a4f71d
2015-12,2015-12-31,20.579784,3ac5c86f57c4ae1008123a20fd9a7cdb311a46d98378fd8fd3b2461344a4f71d
2016-01,2016-01-31,21.278754,3ac5c86f57c4ae1008123a20fd9a7cdb311a46d98378fd8fd3b2461344a4f71d
2016-02,2016-02-29,21.278754,3ac5c86f57c4ae1008123a20fd9a7cdb311a46d98378fd8fd3b2461344a4f71d
2016-03,2016-03-31,21.278754,3ac5c86f57c4ae1008123a20fd9a7cdb311a46d98378fd8fd3b2461344a4f71d
2016-04,2016-04-30,21.278754,3ac5c86f57c4ae1008123a20fd9a7cdb311a46d98378fd8fd3b2461344a4f71d
2016-05,2016-05-31,21.278754,3ac5c86f57c4ae1008123a20fd9a7cdb311a46d98378fd8fd3b2461344a4f71d
2016-06,2016-06-30,21.278754,3ac5c86f57c4ae1008123a20fd9a7cdb311a46d98378fd8fd3b2461344a4f71d
2016-07,2016-07-31,21.278754,3ac5c86f57c4ae1008123a20fd9a7cdb311a46d98378fd8fd3b2461344a4f71d
2016-08,2016-08-31,21.278754,3ac5c86f57c4ae1008123a20fd9a7cdb311a46d98378fd8fd3b2461344a4f71d
2016-09,2016-09-30,21.820858,3ac5c86f57c4ae1008123a20fd9a7cdb311a46d98378fd8fd3b2461344a4f71d
2016-10,2016-10-31,21.820858,3ac5c86f57c4ae1008123a20fd9a7cdb311a46d98378fd8fd3b2461344a4f71d
2016-11,2016-11-30,21.820858,3ac5c86f57c4ae1008123a20fd9a7cdb311a46d98378fd8fd3b2461344a4f71d
2016-12,2016-12-31,21.820858,3ac5c86f57c4ae1008123a20fd9a7cdb311a46d98378fd8fd3b2461344a4f71d
2017-01,2017-01-31,21.820858,3ac5c86f57c4ae1008123a20fd9a7cdb311a46d98378fd8fd3b2461344a4f71d
2017-02,2017-02-28,21.820858,3ac5c86f57c4ae1008123a20fd9a7cdb311a46d98378fd8fd3b2461344a4f71d
2017-03,2017-03-31,21.820858,3ac5c86f57c4ae1008123a20fd9a7cdb311a46d98378fd8fd3b2461344a4f71d
2017-04,2017-04-30,21.820858,3ac5c86f57c4ae1008123a20fd9a7cdb311a46d98378fd8fd3b2461344a4f71d
2017-05,2017-05-31,21.820858,3ac5c86f57c4ae1008123a20fd9a7cdb311a46d98378fd8fd3b2461344a4f71d
2017-06,2017-06-30,21.820858,3ac5c86f57c4ae1008123a20fd9a7cdb311a46d98378fd8fd3b2461344a4f71d
2017-07,2017-07-31,21.820858,3ac5c86f57c4ae1008123a20fd9a7cdb311a46d98378fd8fd3b2461344a4f71d
2017-08,2017-08-31,21.820858,3ac5c86f57c4ae1008123a20fd9a7cdb311a46d98378fd8fd3b2461344a4f71d
2017-09,2017-09-30,21.342423,3ac5c86f57c4ae1008123a20fd9a7cdb311a46d98378fd8fd3b2461344a4f71d
2017-10,2017-10-31,21.342423,3ac5c86f57c4ae1008123a20fd9a7cdb311a46d98378fd8fd3b2461344a4f71d
2017-11,2017-11-30,20.925828,3ac5c86f57c4ae1008123a20fd9a7cdb311a46d98378fd8fd3b2461344a4f71d
2017-12,2017-12-31,20.925828,3ac5c86f57c4ae1008123a20fd9a7cdb311a46d98378fd8fd3b2461344a4f71d
2018-01,2018-01-31,20.925828,3ac5c86f57c4ae1008123a20fd9a7cdb311a46d98378fd8fd3b2461344a4f71d
2018-02,2018-02-28,20.925828,3ac5c86f57c4ae1008123a20fd9a7cdb311a46d98378fd8fd3b2461344a4f71d
2018-03,2018-03-31,20.925828,3ac5c86f57c4ae1008123a20fd9a7cdb311a46d98378fd8fd3b2461344a4f71d
2018-04,2018-04-30,20.925828,3ac5c86f57c4ae1008123a20fd9a7cdb311a46d98378fd8fd3b2461344a4f71d
2018-05,2018-05-31,21.941708,3ac5c86f57c4ae1008123a20fd9a7cdb311a46d98378fd8fd3b2461344a4f71d
2018-06,2018-06-30,21.941708,3ac5c86f57c4ae1008123a20fd9a7cdb311a46d98378fd8fd3b2461344a4f71d
2018-07,2018-07-31,21.941708,3ac5c86f57c4ae1008123a20fd9a7cdb311a46d98378fd8fd3b2461344a4f71d
2018-08,2018-08-31,21.941708,3ac5c86f57c4ae1008123a20fd9a7cdb311a46d98378fd8fd3b2461344a4f71d
2018-09,2018-09-30,21.941708,3ac5c86f57c4ae1008123a20fd9a7cdb311a46d98378fd8fd3b2461344a4f71d
2018-10,2018-10-31,21.941708,3ac5c86f57c4ae1008123a20fd9a7cdb311a46d98378fd8fd3b2461344a4f71d
2018-11,2018-11-30,21.941708,3ac5c86f57c4ae1008123a20fd9a7cdb311a46d98378fd8fd3b2461344a4f71d
2018-12,2018-12-31,21.941708,3ac5c86f57c4ae1008123a20fd9a7cdb311a46d98378fd8fd3b2461344a4f71d
2019-01,2019-01-31,21.941708,3ac5c86f57c4ae1008123a20fd9a7cdb311a46d98378fd8fd3b2461344a4f71d
2019-02,2019-02-28,21.941708,3ac5c86f57c4ae1008123a20fd9a7cdb311a46d98378fd8fd3b2461344a4f71d
2019-03,2019-03-31,21.941708,3ac5c86f57c4ae1008123a20fd9a7cdb311a46d98378fd8fd3b2461344a4f71d
2019-04,2019-04-30,21.941708,3ac5c86f57c4ae1008123a20fd9a7cdb311a46d98378fd8fd3b2461344a4f71d
2019-05,2019-05-31,21.283301,3ac5c86f57c4ae1008123a20fd9a7cdb311a46d98378fd8fd3b2461344a4f71d
2019-06,2019-06-30,21.791691,3ac5c86f57c4ae1008123a20fd9a7cdb311a46d98378fd8fd3b2461344a4f71d
2019-07,2019-07-31,21.929761,3ac5c86f57c4ae1008123a20fd9a7cdb311a46d98378fd8fd3b2461344a4f71d
2019-08,2019-08-31,21.929761,3ac5c86f57c4ae1008123a20fd9a7cdb311a46d98378fd8fd3b2461344a4f71d
2019-09,2019-09-30,22.342423,3ac5c86f57c4ae1008123a20fd9a7cdb311a46d98378fd8fd3b2461344a4f71d
2019-10,2019-10-31,23.032353,3ac5c86f57c4ae1008123a20fd9a7cdb311a46d98378fd8fd3b2461344a4f71d
2019-11,2019-11-30,23.032353,3ac5c86f57c4ae1008123a20fd9a7cdb311a46d98378fd8fd3b2461344a4f71d
2019-12,2019-12-31,23.032353,3ac5c86f57c4ae1008123a20fd9a7cdb311a46d98378fd8fd3b2461344a4f71d
2020-01,2020-01-31,23.049218,3ac5c86f57c4ae1008123a20fd9a7cdb311a46d98378fd8fd3b2461344a4f71d
2020-02,2020-02-29,23.049218,3ac5c86f57c4ae1008123a20fd9a7cdb311a46d98378fd8fd3b2461344a4f71d
2020-03,2020-03-31,23.049218,3ac5c86f57c4ae1008123a20fd9a7cdb311a46d98378fd8fd3b2461344a4f71d
2020-04,2020-04-30,23.049218,3ac5c86f57c4ae1008123a20fd9a7cdb311a46d98378fd8fd3b2461344a4f71d
2020-05,2020-05-31,23.49693,3ac5c86f57c4ae1008123a20fd9a7cdb311a46d98378fd8fd3b2461344a4f71d
2020-06,2020-06-30,23.49693,3ac5c86f57c4ae1008123a20fd9a7cdb311a46d98378fd8fd3b2461344a4f71d
2020-07,2020-07-31,23.49693,3ac5c86f57c4ae1008123a20fd9a7cdb311a46d98378fd8fd3b2461344a4f71d
2020-08,2020-08-31,23.49693,3ac5c86f57c4ae1008123a20fd9a7cdb311a46d98378fd8fd3b2461344a4f71d
2020-09,2020-09-30,23.49693,3ac5c86f57c4ae1008123a20fd9a7cdb311a46d98378fd8fd3b2461344a4f71d
2020-10,2020-10-31,23.49693,3ac5c86f57c4ae1008123a20fd9a7cdb311a46d98378fd8fd3b2461344a4f71d
2020-11,2020-11-30,23.49693,3ac5c86f57c4ae1008123a20fd9a7cdb311a46d98378fd8fd3b2461344a4f71d
2020-12,2020-12-31,23.49693,3ac5c86f57c4ae1008123a20fd9a7cdb311a46d98378fd8fd3b2461344a4f71d
2021-01,2021-01-31,23.49693,3ac5c86f57c4ae1008123a20fd9a7cdb311a46d98378fd8fd3b2461344a4f71d
2021-02,2021-02-28,23.49693,3ac5c86f57c4ae1008123a20fd9a7cdb311a46d98378fd8fd3b2461344a4f71d
2021-03,2021-03-31,23.49693,3ac5c86f57c4ae1008123a20fd9a7cdb311a46d98378fd8fd3b2461344a4f71d
2021-04,2021-04-30,23.49693,3ac5c86f57c4ae1008123a20fd9a7cdb311a46d98378fd8fd3b2461344a4f71d
2021-05,2021-05-31,22.914872,3ac5c86f57c4ae1008123a20fd9a7cdb311a46d98378fd8fd3b2461344a4f71d
2021-06,2021-06-30,22.914872,3ac5c86f57c4ae1008123a20fd9a7cdb311a46d98378fd8fd3b2461344a4f71d
2021-07,2021-07-31,22.914872,3ac5c86f57c4ae1008123a20fd9a7cdb311a46d98378fd8fd3b2461344a4f71d
2021-08,2021-08-31,23.568202,3ac5c86f57c4ae1008123a20fd9a7cdb311a46d98378fd8fd3b2461344a4f71d
2021-09,2021-09-30,24.311118,3ac5c86f57c4ae1008123a20fd9a7cdb311a46d98378fd8fd3b2461344a4f71d
2021-10,2021-10-31,24.311118,3ac5c86f57c4ae1008123a20fd9a7cdb311a46d98378fd8fd3b2461344a4f71d
2021-11,2021-11-30,24.311118,3ac5c86f57c4ae1008123a20fd9a7cdb311a46d98378fd8fd3b2461344a4f71d
2021-12,2021-12-31,24.311118,3ac5c86f57c4ae1008123a20fd9a7cdb311a46d98378fd8fd3b2461344a4f71d
2022-01,2022-01-31,24.311118,3ac5c86f57c4ae1008123a20fd9a7cdb311a46d98378fd8fd3b2461344a4f71d
2022-02,2022-02-28,24.311118,3ac5c86f57c4ae1008123a20fd9a7cdb311a46d98378fd8fd3b2461344a4f71d
2022-03,2022-03-31,24.411283,3ac5c86f57c4ae1008123a20fd9a7cdb311a46d98378fd8fd3b2461344a4f71d
2022-04,2022-04-30,24.411283,3ac5c86f57c4ae1008123a20fd9a7cdb311a46d98378fd8fd3b2461344a4f71d
2022-05,2022-05-31,24.411283,3ac5c86f57c4ae1008123a20fd9a7cdb311a46d98378fd8fd3b2461344a4f71d
2022-06,2022-06-30,24.437988,3ac5c86f57c4ae1008123a20fd9a7cdb311a46d98378fd8fd3b2461344a4f71d
2022-07,2022-07-31,24.437988,3ac5c86f57c4ae1008123a20fd9a7cdb311a46d98378fd8fd3b2461344a4f71d
2022-08,2022-08-31,24.437988,3ac5c86f57c4ae1008123a20fd9a7cdb311a46d98378fd8fd3b2461344a4f71d
2022-09,2022-09-30,24.437988,3ac5c86f57c4ae1008123a20fd9a7cdb311a46d98378fd8fd3b2461344a4f71d
2022-10,2022-10-31,24.437988,3ac5c86f57c4ae1008123a20fd9a7cdb311a46d98378fd8fd3b2461344a4f71d
2022-11,2022-11-30,24.437988,3ac5c86f57c4ae1008123a20fd9a7cdb311a46d98378fd8fd3b2461344a4f71d
2022-12,2022-12-31,24.437988,3ac5c86f57c4ae1008123a20fd9a7cdb311a46d98378fd8fd3b2461344a4f71d
2023-01,2023-01-31,24.437988,3ac5c86f57c4ae1008123a20fd9a7cdb311a46d98378fd8fd3b2461344a4f71d
2023-02,2023-02-28,24.437988,3ac5c86f57c4ae1008123a20fd9a7cdb311a46d98378fd8fd3b2461344a4f71d
2023-03,2023-03-31,25.322219,3ac5c86f57c4ae1008123a20fd9a7cdb311a46d98378fd8fd3b2461344a4f71d
2023-04,2023-04-30,25.322219,3ac5c86f57c4ae1008123a20fd9a7cdb311a46d98378fd8fd3b2461344a4f71d
2023-05,2023-05-31,25.322219,3ac5c86f57c4ae1008123a20fd9a7cdb311a46d98378fd8fd3b2461344a4f71d
2023-06,2023-06-30,25.322219,3ac5c86f57c4ae1008123a20fd9a7cdb311a46d98378fd8fd3b2461344a4f71d
2023-07,2023-07-31,25.322219,3ac5c86f57c4ae1008123a20fd9a7cdb311a46d98378fd8fd3b2461344a4f71d
2023-08,2023-08-31,25.322219,3ac5c86f57c4ae1008123a20fd9a7cdb311a46d98378fd8fd3b2461344a4f71d
2023-09,2023-09-30,25.322219,3ac5c86f57c4ae1008123a20fd9a7cdb311a46d98378fd8fd3b2461344a4f71d
2023-10,2023-10-31,25.322219,3ac5c86f57c4ae1008123a20fd9a7cdb311a46d98378fd8fd3b2461344a4f71d
2023-11,2023-11-30,25.322219,3ac5c86f57c4ae1008123a20fd9a7cdb311a46d98378fd8fd3b2461344a4f71d
2023-12,2023-12-31,25.69897,3ac5c86f57c4ae1008123a20fd9a7cdb311a46d98378fd8fd3b2461344a4f71d
2024-01,2024-01-31,25.69897,3ac5c86f57c4ae1008123a20fd9a7cdb311a46d98378fd8fd3b2461344a4f71d
2024-02,2024-02-29,25.69897,3ac5c86f57c4ae1008123a20fd9a7cdb311a46d98378fd8fd3b2461344a4f71d
2024-03,2024-03-31,25.69897,3ac5c86f57c4ae1008123a20fd9a7cdb311a46d98378fd8fd3b2461344a4f71d
2024-04,2024-04-30,25.69897,3ac5c86f57c4ae1008123a20fd9a7cdb311a46d98378fd8fd3b2461344a4f71d
2024-05,2024-05-31,25.69897,3ac5c86f57c4ae1008123a20fd9a7cdb311a46d98378fd8fd3b2461344a4f71d
2024-06,2024-06-30,25.69897,3ac5c86f57c4ae1008123a20fd9a7cdb311a46d98378fd8fd3b2461344a4f71d
2024-07,2024-07-31,25.69897,3ac5c86f57c4ae1008123a20fd9a7cdb311a46d98378fd8fd3b2461344a4f71d
2024-08,2024-08-31,25.69897,3ac5c86f57c4ae1008123a20fd9a7cdb311a46d98378fd8fd3b2461344a4f71d
2024-09,2024-09-30,25.69897,3ac5c86f57c4ae1008123a20fd9a7cdb311a46d98378fd8fd3b2461344a4f71d
2024-10,2024-10-31,25.69897,3ac5c86f57c4ae1008123a20fd9a7cdb311a46d98378fd8fd3b2461344a4f71d
2024-11,2024-11-30,25.69897,3ac5c86f57c4ae1008123a20fd9a7cdb311a46d98378fd8fd3b2461344a4f71d
2024-12,2024-12-31,25.579784,3ac5c86f57c4ae1008123a20fd9a7cdb311a46d98378fd8fd3b2461344a4f71d
2025-01,2025-01-31,25.579784,3ac5c86f57c4ae1008123a20fd9a7cdb311a46d98378fd8fd3b2461344a4f71d
2025-02,2025-02-28,26.579784,3ac5c86f57c4ae1008123a20fd9a7cdb311a46d98378fd8fd3b2461344a4f71d
2025-03,2025-03-31,26.579784,3ac5c86f57c4ae1008123a20fd9a7cdb311a46d98378fd8fd3b2461344a4f71d
2025-04,2025-04-30,26.579784,3ac5c86f57c4ae1008123a20fd9a7cdb311a46d98378fd8fd3b2461344a4f71d
2025-05,2025-05-31,26.579784,3ac5c86f57c4ae1008123a20fd9a7cdb311a46d98378fd8fd3b2461344a4f71d
2025-06,2025-06-30,26.579784,3ac5c86f57c4ae1008123a20fd9a7cdb311a46d98378fd8fd3b2461344a4f71d
2025-07,2025-07-31,26.69897,3ac5c86f57c4ae1008123a20fd9a7cdb311a46d98378fd8fd3b2461344a4f71d
2025-08,2025-08-31,26.69897,3ac5c86f57c4ae1008123a20fd9a7cdb311a46d98378fd8fd3b2461344a4f71d
2025-09,2025-09-30,26.69897,3ac5c86f57c4ae1008123a20fd9a7cdb311a46d98378fd8fd3b2461344a4f71d
2025-10,2025-10-31,26.69897,3ac5c86f57c4ae1008123a20fd9a7cdb311a46d98378fd8fd3b2461344a4f71d
2025-11,2025-11-30,26.69897,3ac5c86f57c4ae1008123a20fd9a7cdb311a46d98378fd8fd3b2461344a4f71d
2025-12,2025-12-31,26.69897,3ac5c86f57c4ae1008123a20fd9a7cdb311a46d98378fd8fd3b2461344a4f71d
2026-01,2026-01-31,26.69897,3ac5c86f57c4ae1008123a20fd9a7cdb311a46d98378fd8fd3b2461344a4f71d
2026-02,2026-02-28,26.69897,3ac5c86f57c4ae1008123a20fd9a7cdb311a46d98378fd8fd3b2461344a4f71d
2026-03,2026-03-31,26.69897,3ac5c86f57c4ae1008123a20fd9a7cdb311a46d98378fd8fd3b2461344a4f71d
2026-04,2026-04-30,26.69897,3ac5c86f57c4ae1008123a20fd9a7cdb311a46d98378fd8fd3b2461344a4f71d
2026-05,2026-05-31,26.69897,3ac5c86f57c4ae1008123a20fd9a7cdb311a46d98378fd8fd3b2461344a4f71d
2026-06,2026-06-30,26.69897,3ac5c86f57c4ae1008123a20fd9a7cdb311a46d98378fd8fd3b2461344a4f71d
2026-07,2026-07-31,25.819544,3ac5c86f57c4ae1008123a20fd9a7cdb311a46d98378fd8fd3b2461344a4f71d
2026-08,2026-08-31,25.587711,3ac5c86f57c4ae1008123a20fd9a7cdb311a46d98378fd8fd3b2461344a4f71d
2026-09,2026-09-30,27.000043,3ac5c86f57c4ae1008123a20fd9a7cdb311a46d98378fd8fd3b2461344a4f71d
